Type,Name,Request Count,Failure Count,Median Response Time,Average Response Time,Min Response Time,Max Response Time,Average Content Size,Requests/s,Failures/s,50%,66%,75%,80%,90%,95%,98%,99%,99.9%,99.99%,100%
POST,/v1/chat,2857,2857,5,8.484979647884042,1.4362490001076367,419.16171699995175,81.71823591179559,48.37469923773211,48.37469923773211,5,6,6,6,7,9,21,100,400,420,420
,Aggregated,2857,2857,5,8.484979647884042,1.4362490001076367,419.16171699995175,81.71823591179559,48.37469923773211,48.37469923773211,5,6,6,6,7,9,21,100,400,420,420
