Type,Name,Request Count,Failure Count,Median Response Time,Average Response Time,Min Response Time,Max Response Time,Average Content Size,Requests/s,Failures/s,50%,66%,75%,80%,90%,95%,98%,99%,99.9%,99.99%,100%
POST,/v1/chat,70,0,970,973.2659869428583,408.5354960006953,2086.829359999683,256.87142857142857,2.441319024616479,0.0,970,1100,1100,1200,1400,1500,1900,2100,2100,2100,2100
ROUTE,Routed to cloud,70,0,950,961.5857142857143,399,2073,256.87142857142857,2.441319024616479,0.0,970,1100,1100,1200,1400,1500,1900,2100,2100,2100,2100
,Aggregated,140,0,970,967.4258506142863,399,2086.829359999683,256.87142857142857,4.882638049232958,0.0,970,1100,1100,1200,1400,1500,1900,2100,2100,2100,2100
