Type,Name,Request Count,Failure Count,Median Response Time,Average Response Time,Min Response Time,Max Response Time,Average Content Size,Requests/s,Failures/s,50%,66%,75%,80%,90%,95%,98%,99%,99.9%,99.99%,100%
POST,/v1/chat,137,0,16000,16713.991223131346,4457.754420999663,25725.7892560001,259.43065693430657,2.3631621300104424,0.0,16000,19000,20000,20000,21000,22000,24000,25000,26000,26000,26000
ROUTE,Routed to cloud,137,0,16000,16527.77372262774,4142,25196,259.43065693430657,2.3631621300104424,0.0,16000,19000,20000,20000,21000,22000,24000,25000,25000,25000,25000
,Aggregated,274,0,16000,16620.882472879544,4142,25725.7892560001,259.43065693430657,4.726324260020885,0.0,16000,19000,20000,20000,21000,22000,24000,25000,26000,26000,26000
