Type,Name,Request Count,Failure Count,Median Response Time,Average Response Time,Min Response Time,Max Response Time,Average Content Size,Requests/s,Failures/s,50%,66%,75%,80%,90%,95%,98%,99%,99.9%,99.99%,100%
POST,/v1/chat,27,0,17000,25130.415319481403,2168.006724999941,56120.41152499933,247.14814814814815,0.4644991528605308,0.0,17000,31000,43000,46000,54000,55000,56000,56000,56000,56000,56000
ROUTE,Routed to edge,27,0,17000,25087.48148148148,2140,56069,247.14814814814815,0.4644991528605308,0.0,17000,31000,43000,45000,54000,55000,56000,56000,56000,56000,56000
,Aggregated,54,0,17000,25108.948400481444,2140,56120.41152499933,247.14814814814815,0.9289983057210616,0.0,17000,31000,43000,46000,54000,55000,56000,56000,56000,56000,56000
