Type,Name,Request Count,Failure Count,Median Response Time,Average Response Time,Min Response Time,Max Response Time,Average Content Size,Requests/s,Failures/s,50%,66%,75%,80%,90%,95%,98%,99%,99.9%,99.99%,100%
POST,/v1/chat,67,0,1100,1051.0321792387422,483.463749999828,1691.0530020004444,265.1044776119403,2.316440425953186,0.0,1100,1200,1300,1300,1500,1500,1600,1700,1700,1700,1700
ROUTE,Routed to cloud,67,0,1100,1043.9701492537313,478,1681,265.1044776119403,2.316440425953186,0.0,1100,1200,1300,1300,1500,1500,1600,1700,1700,1700,1700
,Aggregated,134,0,1100,1047.5011642462364,478,1691.0530020004444,265.1044776119403,4.632880851906372,0.0,1100,1200,1300,1300,1500,1500,1600,1700,1700,1700,1700
