Type,Name,Request Count,Failure Count,Median Response Time,Average Response Time,Min Response Time,Max Response Time,Average Content Size,Requests/s,Failures/s,50%,66%,75%,80%,90%,95%,98%,99%,99.9%,99.99%,100%
POST,/v1/chat,131,131,12,17.982797236628073,5.013278999285831,414.467951000006,83.74809160305344,4.557565336592915,4.557565336592915,12,12,12,13,14,16,84,380,410,410,410
,Aggregated,131,131,12,17.982797236628073,5.013278999285831,414.467951000006,83.74809160305344,4.557565336592915,4.557565336592915,12,12,12,13,14,16,84,380,410,410,410
