Type,Name,Request Count,Failure Count,Median Response Time,Average Response Time,Min Response Time,Max Response Time,Average Content Size,Requests/s,Failures/s,50%,66%,75%,80%,90%,95%,98%,99%,99.9%,99.99%,100%
POST,/v1/chat,30,0,47000,44852.40637870005,18471.39156600042,55900.796480999816,249.83333333333334,0.517816150359586,0.0,49000,51000,51000,54000,55000,55000,56000,56000,56000,56000,56000
ROUTE,Routed to edge,30,0,47000,44715.6,18372,55770,249.83333333333334,0.517816150359586,0.0,49000,51000,51000,54000,55000,55000,56000,56000,56000,56000,56000
,Aggregated,60,0,47000,44784.00318935002,18372,55900.796480999816,249.83333333333334,1.035632300719172,0.0,49000,51000,51000,54000,55000,55000,56000,56000,56000,56000,56000
