Type,Name,Request Count,Failure Count,Median Response Time,Average Response Time,Min Response Time,Max Response Time,Average Content Size,Requests/s,Failures/s,50%,66%,75%,80%,90%,95%,98%,99%,99.9%,99.99%,100%
POST,/v1/chat,151,0,15000,13989.635740172183,716.5437570001814,23972.064720000162,267.21854304635764,2.5759494471206903,0.0,15000,16000,17000,18000,21000,22000,23000,24000,24000,24000,24000
ROUTE,Routed to cloud,151,0,15000,13975.82119205298,697,23952,267.21854304635764,2.5759494471206903,0.0,15000,15000,17000,18000,21000,22000,23000,24000,24000,24000,24000
,Aggregated,302,0,15000,13982.728466112587,697,23972.064720000162,267.21854304635764,5.151898894241381,0.0,15000,15000,17000,18000,21000,22000,23000,24000,24000,24000,24000
