Type,Name,Request Count,Failure Count,Median Response Time,Average Response Time,Min Response Time,Max Response Time,Average Content Size,Requests/s,Failures/s,50%,66%,75%,80%,90%,95%,98%,99%,99.9%,99.99%,100%
POST,/v1/chat,2882,2882,5,6.1424712192772315,1.3291860004756018,160.9590029993342,81.30464954892436,48.807208394847635,48.807208394847635,5,6,6,6,7,9,19,24,150,160,160
,Aggregated,2882,2882,5,6.1424712192772315,1.3291860004756018,160.9590029993342,81.30464954892436,48.807208394847635,48.807208394847635,5,6,6,6,7,9,19,24,150,160,160
