Type,Name,Request Count,Failure Count,Median Response Time,Average Response Time,Min Response Time,Max Response Time,Average Content Size,Requests/s,Failures/s,50%,66%,75%,80%,90%,95%,98%,99%,99.9%,99.99%,100%
POST,/v1/chat,131,131,6,11.69851258013476,2.691355999559164,400.2404849998129,83.74809160305344,4.519692647903455,4.519692647903455,6,6,6,6,7,8,80,310,400,400,400
,Aggregated,131,131,6,11.69851258013476,2.691355999559164,400.2404849998129,83.74809160305344,4.519692647903455,4.519692647903455,6,6,6,6,7,8,80,310,400,400,400
