Type,Name,Request Count,Failure Count,Median Response Time,Average Response Time,Min Response Time,Max Response Time,Average Content Size,Requests/s,Failures/s,50%,66%,75%,80%,90%,95%,98%,99%,99.9%,99.99%,100%
POST,/v1/chat,150,0,14000,14137.85121593334,5373.822466999627,20016.403020000325,252.26,2.583893497420103,0.0,14000,15000,15000,16000,17000,18000,19000,19000,20000,20000,20000
ROUTE,Routed to cloud,150,0,14000,13951.473333333333,5060,19530,252.26,2.583893497420103,0.0,14000,15000,15000,15000,17000,18000,19000,19000,20000,20000,20000
,Aggregated,300,0,14000,14044.662274633341,5060,20016.403020000325,252.26,5.167786994840206,0.0,14000,15000,15000,15000,17000,18000,19000,19000,20000,20000,20000
