Type,Name,Request Count,Failure Count,Median Response Time,Average Response Time,Min Response Time,Max Response Time,Average Content Size,Requests/s,Failures/s,50%,66%,75%,80%,90%,95%,98%,99%,99.9%,99.99%,100%
POST,/v1/chat,27,0,1600,3477.0659779629163,460.00985099999525,14569.237450999935,251.55555555555554,0.9660772434177993,0.0,1600,2200,7400,7400,9900,11000,15000,15000,15000,15000,15000
ROUTE,Routed to cloud,15,0,1400,1381.7333333333333,482,2174,269.3333333333333,0.5367095796765552,0.0,1400,1500,2000,2100,2100,2200,2200,2200,2200,2200,2200
ROUTE,Routed to edge,12,0,7400,6033.583333333333,451,14526,229.33333333333334,0.4293676637412442,0.0,7400,7700,9800,9800,11000,15000,15000,15000,15000,15000,15000
,Aggregated,54,0,1500,3463.144100092569,451,14569.237450999935,251.55555555555554,1.9321544868355987,0.0,1600,2200,7400,7400,9800,11000,15000,15000,15000,15000,15000
