Type,Name,Request Count,Failure Count,Median Response Time,Average Response Time,Min Response Time,Max Response Time,Average Content Size,Requests/s,Failures/s,50%,66%,75%,80%,90%,95%,98%,99%,99.9%,99.99%,100%
POST,/v1/chat,2842,2842,5,5.4975242744573345,1.2842520000049262,50.291720000132045,80.80682617874736,48.133091769809226,48.133091769809226,5,6,6,6,7,8,17,23,48,50,50
,Aggregated,2842,2842,5,5.4975242744573345,1.2842520000049262,50.291720000132045,80.80682617874736,48.133091769809226,48.133091769809226,5,6,6,6,7,8,17,23,48,50,50
