Type,Name,Request Count,Failure Count,Median Response Time,Average Response Time,Min Response Time,Max Response Time,Average Content Size,Requests/s,Failures/s,50%,66%,75%,80%,90%,95%,98%,99%,99.9%,99.99%,100%
POST,/v1/chat,10,0,4800,7335.132177799914,450.59155099988857,14388.13891799964,230.3,0.37003302618583506,0.0,11000,12000,13000,14000,14000,14000,14000,14000,14000,14000,14000
ROUTE,Routed to edge,10,0,4800,7311.3,442,14356,230.3,0.37003302618583506,0.0,11000,12000,13000,14000,14000,14000,14000,14000,14000,14000,14000
,Aggregated,20,0,4800,7323.216088899959,442,14388.13891799964,230.3,0.7400660523716701,0.0,11000,12000,13000,14000,14000,14000,14000,14000,14000,14000,14000
