Type,Name,Request Count,Failure Count,Median Response Time,Average Response Time,Min Response Time,Max Response Time,Average Content Size,Requests/s,Failures/s,50%,66%,75%,80%,90%,95%,98%,99%,99.9%,99.99%,100%
POST,/v1/chat,78,0,820,756.8002381154563,331.4802149998286,1488.8324249996003,253.4102564102564,2.698925947698327,0.0,820,870,940,1000,1200,1300,1400,1500,1500,1500,1500
ROUTE,Routed to cloud,78,0,810,751.7820512820513,325,1483,253.4102564102564,2.698925947698327,0.0,810,870,940,1000,1200,1300,1400,1500,1500,1500,1500
,Aggregated,156,0,810,754.2911446987538,325,1488.8324249996003,253.4102564102564,5.397851895396654,0.0,820,870,940,1000,1200,1300,1400,1500,1500,1500,1500
