Type,Name,Request Count,Failure Count,Median Response Time,Average Response Time,Min Response Time,Max Response Time,Average Content Size,Requests/s,Failures/s,50%,66%,75%,80%,90%,95%,98%,99%,99.9%,99.99%,100%
POST,/v1/chat,2854,2854,11,12.1920908377739,3.4153429996877094,163.57010699994134,81.1447091800981,48.3122072179115,48.3122072179115,11,12,13,13,16,18,27,34,160,160,160
,Aggregated,2854,2854,11,12.1920908377739,3.4153429996877094,163.57010699994134,81.1447091800981,48.3122072179115,48.3122072179115,11,12,13,13,16,18,27,34,160,160,160
