Type,Name,Request Count,Failure Count,Median Response Time,Average Response Time,Min Response Time,Max Response Time,Average Content Size,Requests/s,Failures/s,50%,66%,75%,80%,90%,95%,98%,99%,99.9%,99.99%,100%
POST,/v1/chat,143,143,6,6.356031839154035,2.0119659998272255,141.81023500032097,82.2867132867133,4.974357816662824,4.974357816662824,6,6,6,7,7,7,8,32,140,140,140
,Aggregated,143,143,6,6.356031839154035,2.0119659998272255,141.81023500032097,82.2867132867133,4.974357816662824,4.974357816662824,6,6,6,7,7,7,8,32,140,140,140
