Type,Name,Request Count,Failure Count,Median Response Time,Average Response Time,Min Response Time,Max Response Time,Average Content Size,Requests/s,Failures/s,50%,66%,75%,80%,90%,95%,98%,99%,99.9%,99.99%,100%
POST,/v1/chat,17,0,6300,5458.54762688235,677.3035510004775,9078.034015999947,253.0,0.5889916324776208,0.0,6300,7600,7800,8000,8700,9100,9100,9100,9100,9100,9100
ROUTE,Routed to edge,17,0,6200,5441.764705882353,666,9067,253.0,0.5889916324776208,0.0,6200,7600,7800,8000,8700,9100,9100,9100,9100,9100,9100
,Aggregated,34,0,6200,5450.156166382351,666,9078.034015999947,253.0,1.1779832649552415,0.0,6300,7600,7800,8000,8700,9100,9100,9100,9100,9100,9100
