Type,Name,Request Count,Failure Count,Median Response Time,Average Response Time,Min Response Time,Max Response Time,Average Content Size,Requests/s,Failures/s,50%,66%,75%,80%,90%,95%,98%,99%,99.9%,99.99%,100%
POST,/v1/chat,2824,2824,5,10.186674878537614,1.5120520001801196,434.4421550003972,82.66607648725213,47.8519394844414,47.8519394844414,5,6,6,6,7,9,21,330,420,430,430
,Aggregated,2824,2824,5,10.186674878537614,1.5120520001801196,434.4421550003972,82.66607648725213,47.8519394844414,47.8519394844414,5,6,6,6,7,9,21,330,420,430,430
