Type,Name,Request Count,Failure Count,Median Response Time,Average Response Time,Min Response Time,Max Response Time,Average Content Size,Requests/s,Failures/s,50%,66%,75%,80%,90%,95%,98%,99%,99.9%,99.99%,100%
POST,/v1/chat,76,0,8000,12850.380849447352,1473.4203240004717,53881.10731699999,249.6184210526316,1.353428430267116,0.0,8400,11000,12000,14000,40000,48000,51000,54000,54000,54000,54000
ROUTE,Routed to cloud,62,0,6100,6540.048387096775,1438,14704,256.56451612903226,1.1041126667968577,0.0,6400,8700,9800,11000,12000,12000,14000,15000,15000,15000,15000
ROUTE,Routed to edge,14,0,40000,40109.57142857143,25177,53676,218.85714285714286,0.2493157634702582,0.0,44000,47000,47000,50000,51000,54000,54000,54000,54000,54000,54000
,Aggregated,152,0,8000,12787.144372092098,1438,53881.10731699999,249.6184210526316,2.706856860534232,0.0,8200,11000,12000,14000,40000,47000,51000,54000,54000,54000,54000
