Type,Name,Request Count,Failure Count,Median Response Time,Average Response Time,Min Response Time,Max Response Time,Average Content Size,Requests/s,Failures/s,50%,66%,75%,80%,90%,95%,98%,99%,99.9%,99.99%,100%
POST,/v1/chat,173,0,15000,13261.775732237014,2400.997302000178,16578.192994000347,253.35260115606937,2.9688833688335388,0.0,15000,15000,15000,16000,16000,16000,16000,16000,17000,17000,17000
ROUTE,Routed to cloud,173,0,15000,13219.398843930636,2315,16444,253.35260115606937,2.9688833688335388,0.0,15000,15000,15000,16000,16000,16000,16000,16000,16000,16000,16000
,Aggregated,346,0,15000,13240.587288083823,2315,16578.192994000347,253.35260115606937,5.9377667376670775,0.0,15000,15000,15000,16000,16000,16000,16000,16000,17000,17000,17000
