Type,Name,Request Count,Failure Count,Median Response Time,Average Response Time,Min Response Time,Max Response Time,Average Content Size,Requests/s,Failures/s,50%,66%,75%,80%,90%,95%,98%,99%,99.9%,99.99%,100%
POST,/v1/chat,136,136,5,5.368394801460935,2.160040000035224,26.43217700006062,82.40441176470588,4.693694955161201,4.693694955161201,5,6,6,6,7,7,9,13,26,26,26
,Aggregated,136,136,5,5.368394801460935,2.160040000035224,26.43217700006062,82.40441176470588,4.693694955161201,4.693694955161201,5,6,6,6,7,7,9,13,26,26,26
