Type,Name,Request Count,Failure Count,Median Response Time,Average Response Time,Min Response Time,Max Response Time,Average Content Size,Requests/s,Failures/s,50%,66%,75%,80%,90%,95%,98%,99%,99.9%,99.99%,100%
POST,/v1/chat,156,0,15000,15287.679517493587,1859.9023409997244,24852.476475999538,255.32692307692307,2.624474969772737,0.0,15000,16000,18000,19000,22000,23000,24000,25000,25000,25000,25000
ROUTE,Routed to cloud,156,0,15000,15245.839743589744,1837,24723,255.32692307692307,2.624474969772737,0.0,15000,16000,18000,19000,21000,23000,24000,24000,25000,25000,25000
,Aggregated,312,0,15000,15266.759630541672,1837,24852.476475999538,255.32692307692307,5.248949939545474,0.0,15000,16000,18000,19000,21000,23000,24000,24000,25000,25000,25000
