Type,Name,Request Count,Failure Count,Median Response Time,Average Response Time,Min Response Time,Max Response Time,Average Content Size,Requests/s,Failures/s,50%,66%,75%,80%,90%,95%,98%,99%,99.9%,99.99%,100%
POST,/v1/chat,2873,2873,5,4.978281875050151,1.2218629999551922,42.74136599997291,80.79498781761225,48.66116937031524,48.66116937031524,5,5,6,6,7,8,12,23,37,43,43
,Aggregated,2873,2873,5,4.978281875050151,1.2218629999551922,42.74136599997291,80.79498781761225,48.66116937031524,48.66116937031524,5,5,6,6,7,8,12,23,37,43,43
