Type,Name,Request Count,Failure Count,Median Response Time,Average Response Time,Min Response Time,Max Response Time,Average Content Size,Requests/s,Failures/s,50%,66%,75%,80%,90%,95%,98%,99%,99.9%,99.99%,100%
POST,/v1/chat,2884,2884,5,5.399366175447035,1.3597850002042833,45.065731999784475,80.7371705963939,48.84206066605904,48.84206066605904,5,5,6,6,7,8,17,23,44,45,45
,Aggregated,2884,2884,5,5.399366175447035,1.3597850002042833,45.065731999784475,80.7371705963939,48.84206066605904,48.84206066605904,5,5,6,6,7,8,17,23,44,45,45
