Type,Name,Request Count,Failure Count,Median Response Time,Average Response Time,Min Response Time,Max Response Time,Average Content Size,Requests/s,Failures/s,50%,66%,75%,80%,90%,95%,98%,99%,99.9%,99.99%,100%
POST,/v1/chat,49,0,1500,1654.614017938689,657.9737170004591,3222.5800480000544,248.75510204081633,1.6942349554331262,0.0,1500,1800,2100,2400,2800,2900,3200,3200,3200,3200,3200
ROUTE,Routed to cloud,49,0,1500,1602.6938775510205,649,3137,248.75510204081633,1.6942349554331262,0.0,1500,1700,1900,2300,2700,2700,3100,3100,3100,3100,3100
,Aggregated,98,0,1500,1628.6539477448543,649,3222.5800480000544,248.75510204081633,3.3884699108662524,0.0,1500,1800,2100,2400,2700,2900,3100,3200,3200,3200,3200
