Type,Name,Request Count,Failure Count,Median Response Time,Average Response Time,Min Response Time,Max Response Time,Average Content Size,Requests/s,Failures/s,50%,66%,75%,80%,90%,95%,98%,99%,99.9%,99.99%,100%
POST,/v1/chat,33,0,45000,44550.761962363715,16306.019446000391,54950.29816100032,255.06060606060606,0.5729263502999263,0.0,45000,49000,50000,51000,52000,55000,55000,55000,55000,55000,55000
ROUTE,Routed to edge,33,0,45000,44416.181818181816,16192,54858,255.06060606060606,0.5729263502999263,0.0,45000,49000,50000,51000,52000,54000,55000,55000,55000,55000,55000
,Aggregated,66,0,45000,44483.47189027277,16192,54950.29816100032,255.06060606060606,1.1458527005998527,0.0,45000,49000,50000,51000,52000,54000,55000,55000,55000,55000,55000
