Type,Name,Request Count,Failure Count,Median Response Time,Average Response Time,Min Response Time,Max Response Time,Average Content Size,Requests/s,Failures/s,50%,66%,75%,80%,90%,95%,98%,99%,99.9%,99.99%,100%
POST,/v1/chat,137,137,11,12.397239408774178,4.935544000090886,126.87475099983203,82.38686131386861,4.738883562156844,4.738883562156844,11,12,12,13,13,14,17,43,130,130,130
,Aggregated,137,137,11,12.397239408774178,4.935544000090886,126.87475099983203,82.38686131386861,4.738883562156844,4.738883562156844,11,12,12,13,13,14,17,43,130,130,130
