Type,Name,Request Count,Failure Count,Median Response Time,Average Response Time,Min Response Time,Max Response Time,Average Content Size,Requests/s,Failures/s,50%,66%,75%,80%,90%,95%,98%,99%,99.9%,99.99%,100%
POST,/v1/chat,2874,2874,5,6.505705226869419,1.4846599997326848,170.73165500005416,81.31141266527487,48.643549671326156,48.643549671326156,5,6,6,6,7,9,20,28,160,170,170
,Aggregated,2874,2874,5,6.505705226869419,1.4846599997326848,170.73165500005416,81.31141266527487,48.643549671326156,48.643549671326156,5,6,6,6,7,9,20,28,160,170,170
