Type,Name,Request Count,Failure Count,Median Response Time,Average Response Time,Min Response Time,Max Response Time,Average Content Size,Requests/s,Failures/s,50%,66%,75%,80%,90%,95%,98%,99%,99.9%,99.99%,100%
POST,/v1/chat,132,132,12,11.831604181817525,5.128955000145652,24.64610700008052,82.47727272727273,4.591867429846765,4.591867429846765,12,12,12,13,14,15,19,20,25,25,25
,Aggregated,132,132,12,11.831604181817525,5.128955000145652,24.64610700008052,82.47727272727273,4.591867429846765,4.591867429846765,12,12,12,13,14,15,19,20,25,25,25
