Type,Name,Request Count,Failure Count,Median Response Time,Average Response Time,Min Response Time,Max Response Time,Average Content Size,Requests/s,Failures/s,50%,66%,75%,80%,90%,95%,98%,99%,99.9%,99.99%,100%
POST,/v1/chat,137,137,6,6.168561043778956,2.351553000153217,27.55603599962342,82.38686131386861,4.774607653426056,4.774607653426056,6,6,6,6,7,8,14,19,28,28,28
,Aggregated,137,137,6,6.168561043778956,2.351553000153217,27.55603599962342,82.38686131386861,4.774607653426056,4.774607653426056,6,6,6,6,7,8,14,19,28,28,28
