Type,Name,Request Count,Failure Count,Median Response Time,Average Response Time,Min Response Time,Max Response Time,Average Content Size,Requests/s,Failures/s,50%,66%,75%,80%,90%,95%,98%,99%,99.9%,99.99%,100%
POST,/v1/chat,2834,2834,11,17.189285252629993,3.206663999662851,436.91934200069227,83.0621030345801,47.96094150456222,47.96094150456222,11,12,13,13,16,19,39,370,430,440,440
,Aggregated,2834,2834,11,17.189285252629993,3.206663999662851,436.91934200069227,83.0621030345801,47.96094150456222,47.96094150456222,11,12,13,13,16,19,39,370,430,440,440
