Type,Name,Request Count,Failure Count,Median Response Time,Average Response Time,Min Response Time,Max Response Time,Average Content Size,Requests/s,Failures/s,50%,66%,75%,80%,90%,95%,98%,99%,99.9%,99.99%,100%
POST,/v1/chat,77,0,830,753.0312927402318,312.4422040000354,1548.7966350001443,254.23376623376623,2.660427594652541,0.0,830,850,920,930,1100,1300,1500,1500,1500,1500,1500
ROUTE,Routed to cloud,77,0,820,744.025974025974,304,1537,254.23376623376623,2.660427594652541,0.0,820,840,910,920,1100,1300,1500,1500,1500,1500,1500
,Aggregated,154,0,820,748.5286333831027,304,1548.7966350001443,254.23376623376623,5.320855189305082,0.0,820,850,910,930,1100,1300,1500,1500,1500,1500,1500
