Type,Name,Request Count,Failure Count,Median Response Time,Average Response Time,Min Response Time,Max Response Time,Average Content Size,Requests/s,Failures/s,50%,66%,75%,80%,90%,95%,98%,99%,99.9%,99.99%,100%
POST,/v1/chat,85,0,8300,12824.85419356465,1333.0799849991308,54992.9285219996,250.91764705882352,1.4478963982868487,0.0,8300,11000,13000,20000,42000,49000,54000,55000,55000,55000,55000
ROUTE,Routed to cloud,66,0,4800,5922.030303030303,1302,13983,258.8484848484849,1.124248968081553,0.0,5000,8200,9000,9700,11000,13000,13000,14000,14000,14000,14000
ROUTE,Routed to edge,19,0,38000,36380.78947368421,11090,54938,223.3684210526316,0.3236474302052956,0.0,38000,46000,49000,50000,54000,55000,55000,55000,55000,55000,55000
,Aggregated,170,0,8100,12777.656508547032,1302,54992.9285219996,250.91764705882352,2.8957927965736974,0.0,8200,11000,13000,20000,42000,49000,54000,55000,55000,55000,55000
