Type,Name,Request Count,Failure Count,Median Response Time,Average Response Time,Min Response Time,Max Response Time,Average Content Size,Requests/s,Failures/s,50%,66%,75%,80%,90%,95%,98%,99%,99.9%,99.99%,100%
POST,/v1/chat,133,133,6,5.801354278196926,3.074937000292266,25.430735000099958,82.45864661654136,4.632084000248443,4.632084000248443,6,6,6,7,7,7,8,18,25,25,25
,Aggregated,133,133,6,5.801354278196926,3.074937000292266,25.430735000099958,82.45864661654136,4.632084000248443,4.632084000248443,6,6,6,7,7,7,8,18,25,25,25
