Type,Name,Request Count,Failure Count,Median Response Time,Average Response Time,Min Response Time,Max Response Time,Average Content Size,Requests/s,Failures/s,50%,66%,75%,80%,90%,95%,98%,99%,99.9%,99.99%,100%
POST,/v1/chat,2888,2888,5,5.877203781515642,1.464903999476519,164.5996520001063,80.96329639889197,48.90058728139527,48.90058728139527,5,5,6,6,7,8,17,24,160,160,160
,Aggregated,2888,2888,5,5.877203781515642,1.464903999476519,164.5996520001063,80.96329639889197,48.90058728139527,48.90058728139527,5,5,6,6,7,8,17,24,160,160,160
