Type,Name,Request Count,Failure Count,Median Response Time,Average Response Time,Min Response Time,Max Response Time,Average Content Size,Requests/s,Failures/s,50%,66%,75%,80%,90%,95%,98%,99%,99.9%,99.99%,100%
POST,/v1/chat,138,138,6,9.238903188400835,2.4733180007388,302.9105369996614,83.55072463768116,4.783509883540292,4.783509883540292,6,6,6,6,7,8,85,99,300,300,300
,Aggregated,138,138,6,9.238903188400835,2.4733180007388,302.9105369996614,83.55072463768116,4.783509883540292,4.783509883540292,6,6,6,6,7,8,85,99,300,300,300
