Type,Name,Request Count,Failure Count,Median Response Time,Average Response Time,Min Response Time,Max Response Time,Average Content Size,Requests/s,Failures/s,50%,66%,75%,80%,90%,95%,98%,99%,99.9%,99.99%,100%
POST,/v1/chat,2865,2865,11,11.848600598597772,3.3799000002545654,67.06356499989852,80.85794066317627,48.51278257548665,48.51278257548665,11,12,13,14,16,18,26,39,65,67,67
,Aggregated,2865,2865,11,11.848600598597772,3.3799000002545654,67.06356499989852,80.85794066317627,48.51278257548665,48.51278257548665,11,12,13,14,16,18,26,39,65,67,67
