Type,Name,Request Count,Failure Count,Median Response Time,Average Response Time,Min Response Time,Max Response Time,Average Content Size,Requests/s,Failures/s,50%,66%,75%,80%,90%,95%,98%,99%,99.9%,99.99%,100%
POST,/v1/chat,73,0,6800,9479.425724671224,1720.2086200004487,41834.85812900017,251.986301369863,1.4717952859520218,0.0,6800,9000,10000,11000,22000,36000,39000,42000,42000,42000,42000
ROUTE,Routed to cloud,61,0,5800,5943.819672131148,1692,11884,256.60655737704917,1.229856334836621,0.0,5800,7500,8200,9000,10000,11000,11000,12000,12000,12000,12000
ROUTE,Routed to edge,12,0,27000,26823.666666666668,10123,41655,228.5,0.2419389511154008,0.0,30000,34000,37000,37000,39000,42000,42000,42000,42000,42000,42000
,Aggregated,146,0,6700,9427.774506171227,1692,41834.85812900017,251.986301369863,2.9435905719040436,0.0,6800,9000,10000,11000,22000,36000,39000,42000,42000,42000,42000
