Type,Name,Request Count,Failure Count,Median Response Time,Average Response Time,Min Response Time,Max Response Time,Average Content Size,Requests/s,Failures/s,50%,66%,75%,80%,90%,95%,98%,99%,99.9%,99.99%,100%
POST,/v1/chat,24,0,1700,4431.801511708273,806.5528650004126,14965.575205000277,252.875,0.8561968672539143,0.0,2200,4400,8100,9700,12000,14000,15000,15000,15000,15000,15000
ROUTE,Routed to cloud,12,0,1200,1349.5,797,2189,237.33333333333334,0.42809843362695715,0.0,1200,1600,1700,1700,1700,2200,2200,2200,2200,2200,2200
ROUTE,Routed to edge,12,0,5400,7470.583333333333,1049,14944,268.4166666666667,0.42809843362695715,0.0,8100,9700,12000,12000,14000,15000,15000,15000,15000,15000,15000
,Aggregated,48,0,1700,4420.921589187469,797,14965.575205000277,252.875,1.7123937345078286,0.0,2200,4400,8100,9700,12000,14000,15000,15000,15000,15000,15000
