Type,Name,Request Count,Failure Count,Median Response Time,Average Response Time,Min Response Time,Max Response Time,Average Content Size,Requests/s,Failures/s,50%,66%,75%,80%,90%,95%,98%,99%,99.9%,99.99%,100%
POST,/v1/chat,79,0,520,738.2363711897862,310.77300000015384,3840.8119060004537,237.55696202531647,2.7460676288591035,0.0,520,750,800,840,1200,1900,3300,3800,3800,3800,3800
ROUTE,Routed to cloud,39,0,690,580.8717948717949,307,928,247.33333333333334,1.3556536395633547,0.0,690,740,750,760,830,920,930,930,930,930,930
ROUTE,Routed to edge,40,0,500,880.75,358,3836,228.025,1.3904139892957486,0.0,510,820,1000,1200,1900,3300,3800,3800,3800,3800,3800
,Aggregated,158,0,520,735.4726159746399,307,3840.8119060004537,237.55696202531647,5.492135257718207,0.0,520,750,790,840,1200,1900,3300,3800,3800,3800,3800
