Type,Name,Request Count,Failure Count,Median Response Time,Average Response Time,Min Response Time,Max Response Time,Average Content Size,Requests/s,Failures/s,50%,66%,75%,80%,90%,95%,98%,99%,99.9%,99.99%,100%
POST,/v1/chat,139,139,5,6.207709935250991,2.1041130003141006,117.85520000012184,82.35251798561151,4.7944084469603006,4.7944084469603006,5,6,6,6,7,7,8,45,120,120,120
,Aggregated,139,139,5,6.207709935250991,2.1041130003141006,117.85520000012184,82.35251798561151,4.7944084469603006,4.7944084469603006,5,6,6,6,7,7,8,45,120,120,120
