Type,Name,Request Count,Failure Count,Median Response Time,Average Response Time,Min Response Time,Max Response Time,Average Content Size,Requests/s,Failures/s,50%,66%,75%,80%,90%,95%,98%,99%,99.9%,99.99%,100%
POST,/v1/chat,66,0,1100,1026.6003033333147,646.2709000006726,1828.041628000392,250.0,2.3052415244666,0.0,1100,1200,1200,1200,1400,1500,1800,1800,1800,1800,1800
ROUTE,Routed to cloud,66,0,1100,1020.8787878787879,633,1823,250.0,2.3052415244666,0.0,1100,1200,1200,1200,1400,1500,1800,1800,1800,1800,1800
,Aggregated,132,0,1100,1023.7395456060514,633,1828.041628000392,250.0,4.6104830489332,0.0,1100,1200,1200,1200,1400,1500,1800,1800,1800,1800,1800
