Type,Name,Request Count,Failure Count,Median Response Time,Average Response Time,Min Response Time,Max Response Time,Average Content Size,Requests/s,Failures/s,50%,66%,75%,80%,90%,95%,98%,99%,99.9%,99.99%,100%
POST,/v1/chat,140,140,6,11.225653314314902,2.0189750002828077,420.9471410003971,83.50714285714285,4.834516784456042,4.834516784456042,6,6,6,7,7,8,81,340,420,420,420
,Aggregated,140,140,6,11.225653314314902,2.0189750002828077,420.9471410003971,83.50714285714285,4.834516784456042,4.834516784456042,6,6,6,7,7,8,81,340,420,420,420
