Type,Name,Request Count,Failure Count,Median Response Time,Average Response Time,Min Response Time,Max Response Time,Average Content Size,Requests/s,Failures/s,50%,66%,75%,80%,90%,95%,98%,99%,99.9%,99.99%,100%
POST,/v1/chat,34,0,1300,1724.8925898529171,390.67393300047115,11991.930825000054,249.52941176470588,1.230121373512511,0.0,1300,1400,1700,2000,2400,5500,12000,12000,12000,12000,12000
ROUTE,Routed to edge,34,0,1300,1717.4117647058824,384,11968,249.52941176470588,1.230121373512511,0.0,1300,1400,1700,2000,2400,5500,12000,12000,12000,12000,12000
,Aggregated,68,0,1300,1721.1521772793994,384,11991.930825000054,249.52941176470588,2.460242747025022,0.0,1300,1400,1700,2000,2400,5500,12000,12000,12000,12000,12000
