Type,Name,Request Count,Failure Count,Median Response Time,Average Response Time,Min Response Time,Max Response Time,Average Content Size,Requests/s,Failures/s,50%,66%,75%,80%,90%,95%,98%,99%,99.9%,99.99%,100%
POST,/v1/chat,139,139,6,6.735291676243656,2.2032560000297963,123.05940399983228,82.35251798561151,4.8135847709647885,4.8135847709647885,6,6,6,6,7,7,9,38,120,120,120
,Aggregated,139,139,6,6.735291676243656,2.2032560000297963,123.05940399983228,82.35251798561151,4.8135847709647885,4.8135847709647885,6,6,6,6,7,7,9,38,120,120,120
